1,Gabrila,Postlewhite,gpostlewhite0@oracle.com,Female,Euro
2,Kelci,Cracknall,kcracknall1@ovh.net,Female,Zloty
3,Lutero,Tiptaft,ltiptaft2@imdb.com,Agender,Ruble
4,Alva,McKerlie,amckerlie3@java.com,Male,Ruble
5,Phoebe,Clerc,pclerc4@jigsy.com,Female,Peso
6,Janela,Ions,jions5@vk.com,Genderfluid,Rupiah
7,Gretta,Brawn,gbrawn6@cbslocal.com,Female,Yuan Renminbi
8,Norene,Leverage,nleverage7@rambler.ru,Female,Euro
9,Ellery,Goadsby,egoadsby8@weebly.com,Male,Zloty
10,Emmye,Kmiec,ekmiec9@fastcompany.com,Female,Yuan Renminbi
11,Amandi,Pedwell,apedwella@smh.com.au,Female,Dollar
12,Austine,Gillice,agilliceb@vimeo.com,Female,Peso
13,Murdock,Toone,mtoonec@moonfruit.com,Male,Dollar
14,Teddi,Kaming,tkamingd@psu.edu,Female,Peso
15,Christie,Towner,ctownere@walmart.com,Male,Ruble
16,Bax,McLaughlin,bmclaughlinf@yahoo.co.jp,Male,Euro
17,Angelita,St Ange,astangeg@smugmug.com,Female,Rupiah
18,Alick,Hooks,ahooksh@howstuffworks.com,Male,Euro
19,Abey,Bubear,abubeari@biglobe.ne.jp,Male,Rupiah
20,Cairistiona,Dickins,cdickinsj@google.ru,Polygender,Yuan Renminbi
21,Clay,Rohloff,crohloffk@berkeley.edu,Male,Yen
22,Carrie,Forestel,cforestell@utexas.edu,Non-binary,Real
23,Bianca,Tenman,btenmanm@fastcompany.com,Female,Euro
24,Claudie,Pietz,cpietzn@noaa.gov,Female,Ruble
25,Hobard,Ormiston,hormistono@mayoclinic.com,Male,Yuan Renminbi
26,Christalle,Simioli,csimiolip@simplemachines.org,Female,Afghani
27,Reggie,Mulhill,rmulhillq@answers.com,Genderfluid,Baht
28,Yorgos,Gorini,ygorinir@icio.us,Male,Yuan Renminbi
29,Jobyna,Kleeborn,jkleeborns@free.fr,Female,Euro
30,Flinn,Snowball,fsnowballt@yandex.ru,Male,Euro
31,Richie,Hinrichs,rhinrichsu@blogspot.com,Male,Yen
32,Jaquenetta,Hamman,jhammanv@moonfruit.com,Female,Dollar
33,Antone,Gerauld,agerauldw@networksolutions.com,Male,Euro
34,Elias,Rusbridge,erusbridgex@bloglovin.com,Male,Yuan Renminbi
35,Jacqui,Pancast,jpancasty@t-online.de,Female,Rupiah
36,Joly,Zebedee,jzebedeez@netlog.com,Female,Euro
37,Berkley,Strong,bstrong10@telegraph.co.uk,Male,Rupiah
38,Giuditta,Cunnah,gcunnah11@typepad.com,Female,Peso
39,Willie,Ruter,wruter12@howstuffworks.com,Female,Yuan Renminbi
40,Kristal,Kilmister,kkilmister13@bloomberg.com,Female,Shilling
41,Cully,Cawsby,ccawsby14@google.co.jp,Male,Rupiah
42,Lanie,Coathup,lcoathup15@ucoz.ru,Female,Real
43,Arni,Timmins,atimmins16@cbslocal.com,Male,Peso
44,Celle,Seemmonds,cseemmonds17@google.com.au,Female,Rupiah
45,Bryn,Kundert,bkundert18@macromedia.com,Female,Zloty
46,Vittoria,Reasce,vreasce19@latimes.com,Female,Rupiah
47,Zora,Pegler,zpegler1a@accuweather.com,Female,Dram
48,Layne,Le Sarr,llesarr1b@thetimes.co.uk,Female,Yuan Renminbi
49,Odey,Deavall,odeavall1c@feedburner.com,Male,Lek
50,Kylen,Rudgley,krudgley1d@sourceforge.net,Female,Euro
51,Tonnie,Fortman,tfortman1e@ask.com,Male,Koruna
52,Marcelo,Gore,mgore1f@ca.gov,Male,Euro
53,Sheila-kathryn,Herche,sherche1g@4shared.com,Female,Pound
54,Gladys,Feldfisher,gfeldfisher1h@4shared.com,Female,Dollar
55,Krystalle,Dressel,kdressel1i@so-net.ne.jp,Female,Peso
56,Pauli,Teek,pteek1j@illinois.edu,Female,Yuan Renminbi
57,Hoyt,Benezet,hbenezet1k@topsy.com,Male,Colon
58,Ninetta,Folca,nfolca1l@acquirethisname.com,Female,Krona
59,Maiga,Whorall,mwhorall1m@t-online.de,Female,Yuan Renminbi
60,Eulalie,Damarell,edamarell1n@tamu.edu,Female,Euro
61,Win,Neiland,wneiland1o@nhs.uk,Male,Peso
62,Octavius,Novello,onovello1p@taobao.com,Male,Euro
63,Uri,Sigfrid,usigfrid1q@forbes.com,Male,Real
64,Fletcher,Faulder,ffaulder1r@huffingtonpost.com,Male,Euro
65,Martainn,Vasyanin,mvasyanin1s@latimes.com,Male,Yuan Renminbi
66,Lannie,Vials,lvials1t@yale.edu,Bigender,Euro
67,Marna,Deveril,mdeveril1u@weather.com,Non-binary,Yen
68,Otho,Everil,oeveril1v@github.com,Male,Dollar
69,Giavani,Basden,gbasden1w@alexa.com,Male,Rupiah
70,Sid,Hammerberger,shammerberger1x@t-online.de,Male,Rupiah
71,Manfred,Moule,mmoule1y@slideshare.net,Male,Ruble
72,Seumas,Langstone,slangstone1z@nifty.com,Male,Rupiah
73,Sayres,McOwan,smcowan20@springer.com,Agender,Peso
74,Garey,Python,gpython21@baidu.com,Male,Yuan Renminbi
75,Olly,Gyorgy,ogyorgy22@timesonline.co.uk,Female,Rupiah
76,Ted,Ziemecki,tziemecki23@exblog.jp,Male,Dollar
77,Beniamino,Ludlam,bludlam24@foxnews.com,Male,Euro
78,Sylvia,Prestney,sprestney25@bloomberg.com,Female,Som
79,Row,Whicher,rwhicher26@sourceforge.net,Agender,Rupiah
80,Ky,Rozycki,krozycki27@chronoengine.com,Male,Euro
81,Jeni,Boarer,jboarer28@prlog.org,Female,Dollar
82,Maurine,Chadbourn,mchadbourn29@ovh.net,Female,Ruble
83,Marlo,Beccles,mbeccles2a@deviantart.com,Agender,Rupiah
84,Galvan,Acreman,gacreman2b@cbsnews.com,Male,Yuan Renminbi
85,Erna,Broughton,ebroughton2c@amazonaws.com,Female,Euro
86,Webb,Boyne,wboyne2d@last.fm,Male,Leu
87,Elise,Heaton,eheaton2e@newsvine.com,Female,Sol
88,Aguistin,Butt Gow,abuttgow2f@youku.com,Male,Rupiah
89,Lorita,Cescoti,lcescoti2g@youku.com,Female,Dollar
90,Gwenny,Saladin,gsaladin2h@studiopress.com,Female,Dong
91,Laurence,Porte,lporte2i@google.nl,Male,Franc
92,Kerianne,Pionter,kpionter2j@desdev.cn,Female,Euro
93,Iggy,Radage,iradage2k@msu.edu,Male,Yuan Renminbi
94,Emylee,Capper,ecapper2l@cafepress.com,Female,Euro
95,Madelyn,McCreery,mmccreery2m@netvibes.com,Female,Yuan Renminbi
96,Trula,Leeburne,tleeburne2n@clickbank.net,Female,Rupiah
97,Bink,Trittam,btrittam2o@phoca.cz,Male,Peso
98,Lilia,Pepi,lpepi2p@eventbrite.com,Female,Yuan Renminbi
99,Malina,Skelbeck,mskelbeck2q@sun.com,Female,Peso
100,Hercule,Probert,hprobert2r@nbcnews.com,Male,Rupiah
101,Jsandye,McGannon,jmcgannon2s@dailymotion.com,Female,Manat
102,Michal,Randlesome,mrandlesome2t@wp.com,Female,Zloty
103,Steffie,Adamek,sadamek2u@shinystat.com,Female,Euro
104,Eadmund,Klawi,eklawi2v@ibm.com,Polygender,Shekel
105,Ramona,Womersley,rwomersley2w@free.fr,Female,Yuan Renminbi
106,Calida,Ellesworth,cellesworth2x@sohu.com,Female,Yuan Renminbi
107,Rosita,Dellenbrok,rdellenbrok2y@baidu.com,Female,Rupiah
108,Willy,MacAllen,wmacallen2z@sciencedirect.com,Female,Rupee
109,Gill,Vanelli,gvanelli30@opera.com,Female,Yuan Renminbi
110,Evanne,Grimsey,egrimsey31@nps.gov,Agender,Yuan Renminbi
111,Jaime,Cotterel,jcotterel32@technorati.com,Non-binary,Ruble
112,Jerad,Witheford,jwitheford33@shinystat.com,Male,Shekel
113,Knox,Bleesing,kbleesing34@chicagotribune.com,Male,Euro
114,Brittney,Pheasey,bpheasey35@ameblo.jp,Female,Dollar
115,Brockie,Hallt,bhallt36@flickr.com,Male,Yuan Renminbi
116,Lolly,Eakens,leakens37@desdev.cn,Female,Koruna
117,Kate,Rubinovici,krubinovici38@bigcartel.com,Female,Real
118,Esma,McPhaden,emcphaden39@nsw.gov.au,Female,Yuan Renminbi
119,Quent,Murkus,qmurkus3a@zimbio.com,Male,Dollar
120,Manfred,Chetwind,mchetwind3b@jigsy.com,Male,Lek
121,Ros,Abbatini,rabbatini3c@accuweather.com,Female,Yuan Renminbi
122,Serge,Chartre,schartre3d@pagesperso-orange.fr,Polygender,Pound
123,Lazaro,Andrzejak,landrzejak3e@gmpg.org,Male,Zloty
124,Jean,Jantel,jjantel3f@washingtonpost.com,Male,Afghani
125,Kathlin,Trenam,ktrenam3g@goo.ne.jp,Female,Rupiah
126,Elsie,Tresler,etresler3h@abc.net.au,Polygender,Yuan Renminbi
127,Rowland,Mullane,rmullane3i@europa.eu,Male,Euro
128,Adriena,Rimington,arimington3j@t.co,Female,Dollar
129,Bartolomeo,O'Cannovane,bocannovane3k@examiner.com,Male,Krona
130,Eran,Elmore,eelmore3l@squarespace.com,Female,Rupiah
131,Nadean,Pouck,npouck3m@t.co,Female,Rupiah
132,Jeannine,Bowery,jbowery3n@ucla.edu,Female,Rupiah
133,Berkley,Levett,blevett3o@geocities.jp,Male,Peso
134,Maddy,Flisher,mflisher3p@chronoengine.com,Male,Dong
135,Crichton,Elms,celms3q@ebay.com,Male,Taka
136,Cort,Strute,cstrute3r@github.com,Male,Colon
137,Damaris,Hoult,dhoult3s@123-reg.co.uk,Female,Zloty
138,Nickolas,Phelipeaux,nphelipeaux3t@europa.eu,Male,Som
139,Salmon,Hammerstone,shammerstone3u@weibo.com,Male,Lev
140,Karil,Ubach,kubach3v@tiny.cc,Female,Peso
141,Wain,Bourne,wbourne3w@blogtalkradio.com,Male,Rupiah
142,Rosabel,Bartos,rbartos3x@stanford.edu,Female,Euro
143,Osbert,Treske,otreske3y@free.fr,Male,Euro
144,Lancelot,Cassam,lcassam3z@free.fr,Male,Ruble
145,Hattie,Salvadori,hsalvadori40@github.io,Female,Dong
146,Garvy,Geggus,ggeggus41@1688.com,Male,Shekel
147,Tressa,Faircloth,tfaircloth42@i2i.jp,Female,Shilling
148,Giovanna,McIlwraith,gmcilwraith43@flickr.com,Female,Euro
149,Kesley,Strutley,kstrutley44@privacy.gov.au,Female,Ruble
150,Karalee,Lambswood,klambswood45@virginia.edu,Female,Ruble
151,Ike,Brockway,ibrockway46@umn.edu,Male,Euro
152,Maggee,Beckson,mbeckson47@homestead.com,Female,Sol
153,Kelsy,Hutchinges,khutchinges48@diigo.com,Female,Yuan Renminbi
154,Jan,Lankham,jlankham49@slashdot.org,Female,Yuan Renminbi
155,Ricard,Mouncey,rmouncey4a@hp.com,Agender,Dirham
156,Wilburt,Southcoat,wsouthcoat4b@gov.uk,Male,Euro
157,Heidie,Rawlyns,hrawlyns4c@indiatimes.com,Female,Rupiah
158,Genevieve,Johannesson,gjohannesson4d@cbsnews.com,Female,Peso
159,Creigh,Baudasso,cbaudasso4e@senate.gov,Male,Rupiah
160,Marion,Brew,mbrew4f@dot.gov,Male,Yuan Renminbi
161,Farica,Hoyles,fhoyles4g@ycombinator.com,Female,Ngultrum
162,Marrissa,Bolderson,mbolderson4h@myspace.com,Female,Yuan Renminbi
163,Prisca,Shelper,pshelper4i@dmoz.org,Female,Rupiah
164,Thaxter,Gaskarth,tgaskarth4j@uol.com.br,Non-binary,Dinar
165,Artur,Lyness,alyness4k@gravatar.com,Male,Peso
166,Zara,Trevna,ztrevna4l@qq.com,Female,Yuan Renminbi
167,Diego,Coskerry,dcoskerry4m@freewebs.com,Male,Yuan Renminbi
168,Gibb,Bosden,gbosden4n@accuweather.com,Male,Sol
169,Briney,Feige,bfeige4o@weather.com,Female,Bolivar
170,Fawn,Vanyashkin,fvanyashkin4p@i2i.jp,Female,Euro
171,Jacynth,Geke,jgeke4q@oakley.com,Female,Euro
172,Patty,Neesam,pneesam4r@psu.edu,Female,Zloty
173,Hillary,Crady,hcrady4s@mail.ru,Female,Yuan Renminbi
174,Rivi,Steagall,rsteagall4t@tmall.com,Bigender,Euro
175,Sherri,Gladeche,sgladeche4u@weather.com,Female,Dollar
176,Lynde,Paddeley,lpaddeley4v@goo.ne.jp,Female,Dinar
177,Stormie,Abbess,sabbess4w@sourceforge.net,Female,Yuan Renminbi
178,Jessika,L' Estrange,jlestrange4x@shinystat.com,Female,Colon
179,Justino,Crosio,jcrosio4y@answers.com,Male,Ruble
180,Roxanna,Burnside,rburnside4z@example.com,Female,Ruble
181,Eal,Deboick,edeboick50@gmpg.org,Male,Peso
182,Noelle,Ridger,nridger51@cpanel.net,Female,Rupiah
183,Miranda,Dumpleton,mdumpleton52@simplemachines.org,Female,Rand
184,Zebulen,Wellum,zwellum53@home.pl,Genderfluid,Euro
185,Tammy,Duplock,tduplock54@freewebs.com,Female,Gourde
186,Doyle,Conws,dconws55@etsy.com,Male,Euro
187,Selina,Cribbott,scribbott56@thetimes.co.uk,Female,Zloty
188,Henrik,Sanpher,hsanpher57@ebay.co.uk,Male,Peso
189,Harland,Joules,hjoules58@vkontakte.ru,Male,Yen
190,Shurlocke,Gammie,sgammie59@who.int,Male,Rupiah
191,Willard,Hunter,whunter5a@cisco.com,Male,Euro
192,Dagny,Cawte,dcawte5b@arizona.edu,Male,Yuan Renminbi
193,Alisha,Anscombe,aanscombe5c@yandex.ru,Non-binary,Zloty
194,Mallory,Leates,mleates5d@4shared.com,Female,Pound
195,Karina,Hayball,khayball5e@boston.com,Female,Shilling
196,Jock,Hinsche,jhinsche5f@goodreads.com,Male,Krona
197,Renaud,Hinrichs,rhinrichs5g@opera.com,Male,Zloty
198,Torrence,Riggulsford,triggulsford5h@usda.gov,Male,Zloty
199,Dennie,Dioniso,ddioniso5i@51.la,Polygender,Sol
200,Damaris,Gerckens,dgerckens5j@cdbaby.com,Female,Dong
201,Cherida,Wyllis,cwyllis5k@cafepress.com,Female,Krona
202,Milly,Foltin,mfoltin5l@flavors.me,Female,Yuan Renminbi
203,Farrel,Shearsby,fshearsby5m@redcross.org,Male,Dram
204,Edvard,Vogelein,evogelein5n@wikia.com,Male,Peso
205,Jacintha,Water,jwater5o@bbb.org,Female,Euro
206,Hazel,Goreisr,hgoreisr5p@ameblo.jp,Male,Naira
207,Lindsey,Stonhard,lstonhard5q@upenn.edu,Female,Koruna
208,Stu,O'Towey,sotowey5r@google.fr,Male,Zloty
209,Neville,Offield,noffield5s@1und1.de,Male,Yuan Renminbi
210,Kori,Reglar,kreglar5t@npr.org,Female,Euro
211,Sandye,Tulk,stulk5u@auda.org.au,Female,Pound
212,Raff,Toft,rtoft5v@ted.com,Male,Yen
213,Harmonia,Rachuig,hrachuig5w@blogs.com,Female,Rupiah
214,Alleen,Arnoud,aarnoud5x@lycos.com,Female,Peso
215,Edlin,Duell,eduell5y@chron.com,Male,Peso
216,Mickey,Ive,mive5z@ning.com,Male,Sol
217,Gwenore,Bruhke,gbruhke60@zdnet.com,Female,Ariary
218,Annabella,Norquoy,anorquoy61@furl.net,Female,Hryvnia
219,Jasper,Cobello,jcobello62@blog.com,Male,Zloty
220,Sophie,Domanek,sdomanek63@facebook.com,Female,Rupiah
221,Lyndell,McMillan,lmcmillan64@businesswire.com,Female,Leu
222,Zed,MacTrustrie,zmactrustrie65@cloudflare.com,Male,Ruble
223,Ermentrude,Yonnie,eyonnie66@technorati.com,Female,Yuan Renminbi
224,Cinderella,Leathers,cleathers67@wordpress.org,Female,Zloty
225,Cora,Stubbington,cstubbington68@google.ca,Polygender,Peso
226,Stanly,Morley,smorley69@usgs.gov,Male,Zloty
227,Hewie,Canto,hcanto6a@cisco.com,Male,Yuan Renminbi
228,Kamilah,Cron,kcron6b@myspace.com,Female,Rial
229,Findlay,Murtimer,fmurtimer6c@chronoengine.com,Male,Rupiah
230,Evanne,Tamburi,etamburi6d@hatena.ne.jp,Female,Yuan Renminbi
231,Rebecca,Lavrinov,rlavrinov6e@ihg.com,Agender,Ringgit
232,Tremaine,Deyes,tdeyes6f@slideshare.net,Male,Rupiah
233,Martha,Knappe,mknappe6g@zdnet.com,Female,Yuan Renminbi
234,Angelia,Giraudeau,agiraudeau6h@huffingtonpost.com,Female,Euro
235,Alyssa,Boldero,aboldero6i@last.fm,Female,Sol
236,Giustina,Slingsby,gslingsby6j@sbwire.com,Female,Yuan Renminbi
237,Gilemette,Toope,gtoope6k@discovery.com,Female,Krona
238,Darsey,Christofe,dchristofe6l@shareasale.com,Female,Zloty
239,Cleveland,Dwyer,cdwyer6m@paypal.com,Male,Yuan Renminbi
240,Waldemar,Threadgall,wthreadgall6n@cmu.edu,Male,Real
241,Fredericka,Fussell,ffussell6o@barnesandnoble.com,Female,Ruble
242,Tripp,Armitage,tarmitage6p@surveymonkey.com,Bigender,Yuan Renminbi
243,Walden,Fowell,wfowell6q@addthis.com,Male,Ruble
244,Henri,Wooffitt,hwooffitt6r@dedecms.com,Male,Real
245,Hayley,Blondelle,hblondelle6s@mysql.com,Female,Yuan Renminbi
246,Giuditta,Terrey,gterrey6t@e-recht24.de,Female,Euro
247,Tommi,Sinnocke,tsinnocke6u@nydailynews.com,Female,Lempira
248,Flossie,Coy,fcoy6v@chron.com,Female,Yuan Renminbi
249,Coral,Bollon,cbollon6w@sfgate.com,Female,Rial
250,Ailsun,McMorran,amcmorran6x@pagesperso-orange.fr,Female,Peso
251,Salvador,McNay,smcnay6y@xinhuanet.com,Male,Franc
252,Olympie,Nattriss,onattriss6z@upenn.edu,Female,Peso
253,Lurlene,MacCourt,lmaccourt70@clickbank.net,Female,Yuan Renminbi
254,Kayley,Sorey,ksorey71@phpbb.com,Female,Shilling
255,Clarinda,Daggett,cdaggett72@ameblo.jp,Female,Yuan Renminbi
256,Adela,Maddams,amaddams73@paypal.com,Female,Hryvnia
257,Maddy,Waggatt,mwaggatt74@yahoo.co.jp,Female,Dirham
258,Randi,Thowless,rthowless75@usnews.com,Male,Yuan Renminbi
259,Linette,Maciaszek,lmaciaszek76@msn.com,Female,Yuan Renminbi
260,Smith,Hackworthy,shackworthy77@sciencedirect.com,Genderfluid,Peso
261,Sean,Howship,showship78@dot.gov,Female,Sol
262,Aurlie,Collop,acollop79@php.net,Female,Peso
263,Melba,Allbrook,mallbrook7a@cam.ac.uk,Female,Rupiah
264,Nicoli,Rebillard,nrebillard7b@google.com.au,Female,Bolivar
265,Darlleen,Spottiswoode,dspottiswoode7c@redcross.org,Female,Euro
266,Hamilton,Aldwinckle,haldwinckle7d@patch.com,Genderqueer,Rupiah
267,Federica,Peddersen,fpeddersen7e@tmall.com,Female,Ruble
268,Lia,Petchey,lpetchey7f@desdev.cn,Female,Rupee
269,Maye,Cleynaert,mcleynaert7g@npr.org,Female,Krone
270,Cassondra,Jell,cjell7h@icio.us,Female,Rupiah
271,Cristabel,Skeldon,cskeldon7i@aol.com,Female,Rupiah
272,Maryrose,Pietz,mpietz7j@discovery.com,Female,Yuan Renminbi
273,Louis,Leisman,lleisman7k@themeforest.net,Male,Yuan Renminbi
274,Niels,Gravener,ngravener7l@jiathis.com,Male,Krona
275,Jermaine,Donnel,jdonnel7m@usnews.com,Male,Dong
276,Janie,Laverack,jlaverack7n@princeton.edu,Female,Rupiah
277,Abe,Causton,acauston7o@hc360.com,Male,Yuan Renminbi
278,Ursola,Cheak,ucheak7p@eventbrite.com,Female,Real
279,Anissa,Hoggan,ahoggan7q@microsoft.com,Female,Peso
280,Gwendolyn,Mousley,gmousley7r@altervista.org,Female,Yuan Renminbi
281,Junie,Dodswell,jdodswell7s@sogou.com,Female,Peso
282,Forbes,Cassie,fcassie7t@prlog.org,Male,Euro
283,Aprilette,Mulhall,amulhall7u@bing.com,Female,Rupiah
284,Meredith,Luckman,mluckman7v@addtoany.com,Male,Rupiah
285,Laural,Yuryatin,lyuryatin7w@cargocollective.com,Female,Ruble
286,Joline,Scoullar,jscoullar7x@unicef.org,Female,Peso
287,Benton,Aucock,baucock7y@networkadvertising.org,Male,Rupiah
288,Burty,Clewes,bclewes7z@pcworld.com,Male,Real
289,Arte,Cormack,acormack80@weebly.com,Male,Zloty
290,Kandace,Degoey,kdegoey81@disqus.com,Female,Yuan Renminbi
291,Woody,Kimbell,wkimbell82@msu.edu,Male,Krona
292,Stanleigh,Le Estut,sleestut83@miibeian.gov.cn,Male,Zloty
293,Richmound,Anetts,ranetts84@seesaa.net,Male,Yuan Renminbi
294,Carrissa,Chadderton,cchadderton85@elpais.com,Female,Peso
295,Paxton,Whylie,pwhylie86@meetup.com,Male,Rand
296,Salvador,Asgodby,sasgodby87@berkeley.edu,Male,Rupiah
297,Rosalinda,Jansie,rjansie88@hatena.ne.jp,Genderqueer,Yuan Renminbi
298,Blaine,Sharple,bsharple89@nasa.gov,Male,Ruble
299,Emyle,Goor,egoor8a@psu.edu,Female,Peso
300,Breanne,Drewet,bdrewet8b@cdc.gov,Female,Yuan Renminbi
301,Aleece,Wastell,awastell8c@google.com.hk,Female,Baht
302,Rosene,Biset,rbiset8d@webeden.co.uk,Female,Rand
303,Toni,Thompson,tthompson8e@wired.com,Female,Peso
304,Renato,Stummeyer,rstummeyer8f@who.int,Male,Yuan Renminbi
305,Peyton,Biffen,pbiffen8g@springer.com,Male,Yuan Renminbi
306,Laney,Avo,lavo8h@indiegogo.com,Female,Peso
307,Elwood,Feander,efeander8i@nhs.uk,Male,Yuan Renminbi
308,Herrick,Minchell,hminchell8j@elegantthemes.com,Male,Zloty
309,Moyra,Prendeville,mprendeville8k@baidu.com,Female,Yuan Renminbi
310,Grant,Inchbald,ginchbald8l@weibo.com,Male,Koruna
311,Carol-jean,Sherwill,csherwill8m@xinhuanet.com,Female,Yuan Renminbi
312,Frasier,Helix,fhelix8n@php.net,Male,Yuan Renminbi
313,Cyb,Jzhakov,cjzhakov8o@is.gd,Female,Dollar
314,Theo,Heisler,theisler8p@google.com.au,Female,Euro
315,Honoria,Dussy,hdussy8q@php.net,Female,Rupiah
316,Cirstoforo,Ferne,cferne8r@reference.com,Male,Naira
317,Saloma,McKee,smckee8s@bbb.org,Female,Zloty
318,Inglebert,Hillatt,ihillatt8t@wisc.edu,Genderfluid,Afghani
319,Nerte,Pendleberry,npendleberry8u@eventbrite.com,Female,Euro
320,Travers,Titlow,ttitlow8v@mtv.com,Male,Franc
321,Rafi,MacMillan,rmacmillan8w@go.com,Male,Yuan Renminbi
322,Talia,Frick,tfrick8x@flavors.me,Female,Yuan Renminbi
323,Wilhelm,Klementz,wklementz8y@bing.com,Polygender,Peso
324,Richardo,Handmore,rhandmore8z@yale.edu,Male,Euro
325,Emmery,Timmons,etimmons90@nytimes.com,Male,Yuan Renminbi
326,Clarinda,Gaunt,cgaunt91@cbc.ca,Female,Dram
327,Allegra,Sorrel,asorrel92@dion.ne.jp,Female,Hryvnia
328,Amber,Zum Felde,azumfelde93@buzzfeed.com,Female,Rupiah
329,Ezequiel,Paternoster,epaternoster94@theguardian.com,Male,Krona
330,Far,Darnbrook,fdarnbrook95@prnewswire.com,Male,Yuan Renminbi
331,Dian,Hickisson,dhickisson96@mozilla.com,Female,Peso
332,Merrie,Denisovo,mdenisovo97@delicious.com,Female,Real
333,Wayland,Saffin,wsaffin98@ehow.com,Male,Som
334,Barbee,Stiebler,bstiebler99@answers.com,Female,Euro
335,Mallory,Olivari,molivari9a@wp.com,Female,Euro
336,Britte,Greaser,bgreaser9b@upenn.edu,Bigender,Peso
337,Rhea,McCulloch,rmcculloch9c@epa.gov,Female,Dinar
338,Rebekah,Colbron,rcolbron9d@dyndns.org,Female,Franc
339,Judi,Ganter,jganter9e@imgur.com,Female,Rupiah
340,Neils,Varley,nvarley9f@theglobeandmail.com,Male,Yuan Renminbi
341,Cathe,Shorten,cshorten9g@earthlink.net,Female,Yuan Renminbi
342,Domenico,Orritt,dorritt9h@rediff.com,Male,Yuan Renminbi
343,Ramsay,Skayman,rskayman9i@dedecms.com,Male,Krona
344,Raymund,O'Regan,roregan9j@va.gov,Male,Peso
345,Elvira,Newlove,enewlove9k@arizona.edu,Female,Real
346,Nels,Jurick,njurick9l@apple.com,Male,Rupiah
347,Albie,Hugonneau,ahugonneau9m@sohu.com,Male,Hryvnia
348,Baily,Munt,bmunt9n@mysql.com,Male,Rupiah
349,Geri,Barnshaw,gbarnshaw9o@w3.org,Male,Yuan Renminbi
350,Ruth,Ouldcott,rouldcott9p@fc2.com,Female,Rupiah
351,Candide,Caraher,ccaraher9q@sina.com.cn,Agender,Franc
352,Preston,Duns,pduns9r@g.co,Male,Yuan Renminbi
353,Ricoriki,Deam,rdeam9s@pagesperso-orange.fr,Male,Franc
354,Freeland,O' Mahony,fomahony9t@irs.gov,Male,Kuna
355,Dionysus,Alfonso,dalfonso9u@abc.net.au,Male,Yuan Renminbi
356,Lina,Gofforth,lgofforth9v@blogspot.com,Female,Hryvnia
357,Celestyn,Cooney,ccooney9w@github.io,Female,Rupiah
358,Christal,Caldera,ccaldera9x@t-online.de,Female,Lev
359,Upton,Pollins,upollins9y@soundcloud.com,Male,Euro
360,Nannie,Baldi,nbaldi9z@shareasale.com,Female,Yuan Renminbi
361,Morissa,Saxton,msaxtona0@cbsnews.com,Female,Peso
362,Jermain,Sogg,jsogga1@google.com.au,Male,Zloty
363,Costa,Chatfield,cchatfielda2@networkadvertising.org,Male,Zloty
364,Charlena,Dumbreck,cdumbrecka3@guardian.co.uk,Female,Real
365,Octavius,Edwicke,oedwickea4@microsoft.com,Male,Krona
366,Lynn,Jorioz,ljorioza5@miitbeian.gov.cn,Female,Real
367,Huntley,Poytres,hpoytresa6@loc.gov,Agender,Ruble
368,Corliss,Bullingham,cbullinghama7@psu.edu,Female,Zloty
369,Lloyd,Simm,lsimma8@economist.com,Male,Yuan Renminbi
370,Olav,Cadding,ocaddinga9@tuttocitta.it,Male,Lempira
371,Hanan,Vlasenkov,hvlasenkovaa@51.la,Male,Ruble
372,Margaretha,Steptoe,msteptoeab@si.edu,Female,Euro
373,Katina,Kincade,kkincadeac@jimdo.com,Female,Dollar
374,Della,Wandrey,dwandreyad@naver.com,Female,Euro
375,Mortie,Adamsson,madamssonae@google.de,Male,Sol
376,Arnoldo,Tire,atireaf@a8.net,Bigender,Euro
377,Maurice,Sidaway,msidawayag@slideshare.net,Polygender,Yuan Renminbi
378,Tyler,Hawyes,thawyesah@wsj.com,Male,Rupiah
379,Addie,Fairbourne,afairbourneai@quantcast.com,Male,Rupiah
380,Darrelle,Staniforth,dstaniforthaj@telegraph.co.uk,Female,Yuan Renminbi
381,Kaycee,Turfrey,kturfreyak@arstechnica.com,Non-binary,Yuan Renminbi
382,Ethe,Row,erowal@last.fm,Agender,Yuan Renminbi
383,Shelby,Habble,shabbleam@noaa.gov,Female,Ruble
384,Neille,Rameau,nrameauan@harvard.edu,Female,Peso
385,Genovera,Boik,gboikao@wired.com,Female,Yuan Renminbi
386,Cy,Lelliott,clelliottap@wired.com,Male,Ruble
387,Cristal,Shuxsmith,cshuxsmithaq@tinyurl.com,Female,Peso
388,Franny,Abrams,fabramsar@instagram.com,Male,Dram
389,Kylen,Killgus,kkillgusas@wunderground.com,Female,Yuan Renminbi
390,Dalston,Rivel,drivelat@howstuffworks.com,Male,Ruble
391,Hazel,Heugh,hheughau@indiegogo.com,Male,Hryvnia
392,Sybilla,Maffiotti,smaffiottiav@google.fr,Female,Rupiah
393,Arney,Terzza,aterzzaaw@dailymail.co.uk,Male,Koruna
394,Aldo,Barge,abargeax@fda.gov,Male,Dollar
395,Nertie,Eul,neulay@deviantart.com,Female,Rupee
396,Krissie,Marjanovic,kmarjanovicaz@liveinternet.ru,Female,Koruna
397,Huberto,Fine,hfineb0@weather.com,Male,Krona
398,Zebadiah,Lake,zlakeb1@mapy.cz,Male,Hryvnia
399,Koressa,Barbisch,kbarbischb2@loc.gov,Female,Ruble
400,Darnall,Toppas,dtoppasb3@ameblo.jp,Male,Rupiah
401,Flossi,Gawthorp,fgawthorpb4@examiner.com,Female,Yuan Renminbi
402,Woodman,Benz,wbenzb5@altervista.org,Male,Hryvnia
403,Jerrilyn,Polino,jpolinob6@gravatar.com,Female,Yuan Renminbi
404,Danny,Bruyns,dbruynsb7@samsung.com,Male,Lempira
405,Bent,Leet,bleetb8@hostgator.com,Male,Yuan Renminbi
406,Juditha,Withringten,jwithringtenb9@auda.org.au,Female,Peso
407,Thayne,Henkmann,thenkmannba@51.la,Male,Ruble
408,Kurtis,Jellyman,kjellymanbb@blogger.com,Male,Dollar
409,Clair,Gives,cgivesbc@google.es,Male,Dollar
410,Aksel,Tschersich,atschersichbd@lulu.com,Genderqueer,Euro
411,Maddy,Witard,mwitardbe@wsj.com,Male,Pound
412,Allys,Nagle,anaglebf@baidu.com,Female,Yuan Renminbi
413,Xerxes,Ceschi,xceschibg@uol.com.br,Male,Baht
414,Deane,Barten,dbartenbh@tiny.cc,Male,Peso
415,Meridel,Batters,mbattersbi@ted.com,Female,Zloty
416,Margret,Manderson,mmandersonbj@wikia.com,Female,Rupiah
417,Gibbie,Domenichelli,gdomenichellibk@cnn.com,Male,Peso
418,Alanson,Baskett,abaskettbl@friendfeed.com,Male,Yuan Renminbi
419,Antons,Atherton,aathertonbm@tumblr.com,Male,Ruble
420,Essa,Beadle,ebeadlebn@zdnet.com,Female,Yuan Renminbi
421,Ethelyn,McGoon,emcgoonbo@nbcnews.com,Female,Peso
422,Tallulah,Moukes,tmoukesbp@google.es,Female,Euro
423,Jarad,Ormes,jormesbq@nytimes.com,Male,Yen
424,Rakel,Blunkett,rblunkettbr@php.net,Female,Quetzal
425,Conchita,Raisher,craisherbs@webnode.com,Female,Rupiah
426,Francesca,Grice,fgricebt@blinklist.com,Female,Rupiah
427,Vale,Bearne,vbearnebu@accuweather.com,Male,Yuan Renminbi
428,Rolland,Pepperrall,rpepperrallbv@webmd.com,Male,Ruble
429,Adlai,Heild,aheildbw@discuz.net,Male,Rupiah
430,Farrell,Whapham,fwhaphambx@liveinternet.ru,Male,Rupiah
431,Bevin,Sneesbie,bsneesbieby@comcast.net,Male,Zloty
432,Rahel,Bamforth,rbamforthbz@geocities.jp,Female,Pound
433,Celia,Colmer,ccolmerc0@nba.com,Female,Peso
434,Gunner,Treasure,gtreasurec1@mapquest.com,Male,Euro
435,Minnnie,Hallock,mhallockc2@fc2.com,Female,Yuan Renminbi
436,Chlo,Winyard,cwinyardc3@mapy.cz,Female,Yuan Renminbi
437,Ariel,Frier,afrierc4@cloudflare.com,Male,Yuan Renminbi
438,Janela,Babington,jbabingtonc5@youtube.com,Agender,Euro
439,Justin,Thurner,jthurnerc6@moonfruit.com,Male,Ruble
440,Tanney,Toft,ttoftc7@edublogs.org,Male,Rial
441,Casper,Whiffin,cwhiffinc8@dropbox.com,Male,Krona
442,Malanie,Bortoli,mbortolic9@columbia.edu,Female,Rupiah
443,Wandie,Arthurs,warthursca@bbc.co.uk,Female,Krone
444,Marcia,Gerren,mgerrencb@de.vu,Female,Rand
445,Willem,Roj,wrojcc@quantcast.com,Male,Dollar
446,Barth,Marder,bmardercd@theglobeandmail.com,Male,Euro
447,Consuela,Sleite,csleitece@vistaprint.com,Female,Yuan Renminbi
448,Burch,Whiteside,bwhitesidecf@php.net,Genderfluid,Yuan Renminbi
449,Richie,Emlin,remlincg@twitter.com,Male,Euro
450,Isadore,Scambler,iscamblerch@seattletimes.com,Male,Som
451,Jan,Bury,jburyci@china.com.cn,Genderqueer,Dollar
452,Gage,Dolton,gdoltoncj@scientificamerican.com,Male,Rupiah
453,Fanni,Pountney,fpountneyck@parallels.com,Female,Yuan Renminbi
454,Hannis,Acreman,hacremancl@freewebs.com,Female,Lev
455,Pepita,Chansonne,pchansonnecm@cbsnews.com,Female,Rupiah
456,Huey,Shatford,hshatfordcn@geocities.com,Male,Krona
457,Briano,Figure,bfigureco@yellowbook.com,Male,Krona
458,Dian,Olkowicz,dolkowiczcp@hao123.com,Female,Sol
459,Flor,Whapple,fwhapplecq@imdb.com,Female,Yuan Renminbi
460,Regan,Gillum,rgillumcr@cam.ac.uk,Non-binary,Peso
461,Charil,Hazlehurst,chazlehurstcs@chron.com,Female,Dong
462,Domenic,Copin,dcopinct@ifeng.com,Male,Dollar
463,Joeann,Ace,jacecu@columbia.edu,Female,Kina
464,Philis,Diddams,pdiddamscv@boston.com,Female,Yuan Renminbi
465,Travis,Ilson,tilsoncw@creativecommons.org,Male,Euro
466,Dusty,Marlen,dmarlencx@dedecms.com,Female,Yuan Renminbi
467,Elisabetta,Humbey,ehumbeycy@cisco.com,Female,Peso
468,Sigfried,Ninnoli,sninnolicz@bravesites.com,Male,Dollar
469,Pauletta,Adcocks,padcocksd0@last.fm,Female,Yuan Renminbi
470,Celestine,Thaller,cthallerd1@netscape.com,Female,Shekel
471,Rinaldo,Rennebach,rrennebachd2@tmall.com,Non-binary,Dollar
472,Barnabe,Lipmann,blipmannd3@smugmug.com,Male,Peso
473,Leia,Spat,lspatd4@soup.io,Female,Peso
474,Estell,Gocher,egocherd5@npr.org,Female,Shekel
475,Stesha,Saddleton,ssaddletond6@acquirethisname.com,Female,Shekel
476,Benn,Lorenzetti,blorenzettid7@time.com,Male,Pound
477,Helenelizabeth,Ebunoluwa,hebunoluwad8@guardian.co.uk,Female,Real
478,Aida,Edmondson,aedmondsond9@behance.net,Female,Marka
479,Addy,Ride,arideda@istockphoto.com,Male,Dinar
480,Rickert,Balcon,rbalcondb@myspace.com,Male,Koruna
481,Lanie,Fifield,lfifielddc@unc.edu,Female,Yuan Renminbi
482,Cristal,Langran,clangrandd@t.co,Female,Hryvnia
483,Mollee,Bordes,mbordesde@usgs.gov,Genderqueer,Euro
484,Brod,Flack,bflackdf@mit.edu,Male,Koruna
485,Bengt,Kenworthey,bkenwortheydg@webmd.com,Male,Yuan Renminbi
486,Myrah,Damato,mdamatodh@buzzfeed.com,Female,Rupiah
487,Sharona,Scorer,sscorerdi@economist.com,Female,Peso
488,Lorne,Keijser,lkeijserdj@yolasite.com,Female,Yuan Renminbi
489,Ellwood,Ginnane,eginnanedk@google.cn,Male,Peso
490,Bunny,Norsworthy,bnorsworthydl@homestead.com,Female,Yuan Renminbi
491,Ric,Broxap,rbroxapdm@sciencedaily.com,Male,Euro
492,Teodorico,Mulleary,tmullearydn@whitehouse.gov,Male,Peso
493,Andy,Heck,aheckdo@theguardian.com,Female,Yuan Renminbi
494,Maryanne,Dowse,mdowsedp@theatlantic.com,Female,Real
495,Eula,Bradberry,ebradberrydq@latimes.com,Non-binary,Euro
496,Rutherford,Hellmer,rhellmerdr@examiner.com,Male,Shekel
497,Inge,Shalcras,ishalcrasds@123-reg.co.uk,Female,Won
498,Federico,Seine,fseinedt@bizjournals.com,Male,Euro
499,La verne,Cracoe,lcracoedu@spotify.com,Female,Yuan Renminbi
500,Yasmin,Coade,ycoadedv@ibm.com,Female,Real
501,Durant,O'Scollee,doscolleedw@clickbank.net,Male,Yuan Renminbi
502,Maxie,De la Zenne,mdelazennedx@wsj.com,Female,Marka
503,Dall,Sirett,dsirettdy@reverbnation.com,Male,Yuan Renminbi
504,Greggory,Hanaford,ghanaforddz@ox.ac.uk,Male,Yuan Renminbi
505,Everard,Silby,esilbye0@goo.ne.jp,Male,Tenge
506,Roselia,McMeekan,rmcmeekane1@stanford.edu,Female,Euro
507,Prisca,McGreay,pmcgreaye2@histats.com,Female,Zloty
508,Victoria,Davioud,vdavioude3@java.com,Female,Yuan Renminbi
509,Albrecht,Brayne,abraynee4@godaddy.com,Male,Euro
510,Sergent,Cavil,scavile5@buzzfeed.com,Non-binary,Koruna
511,Iggie,Kissack,ikissacke6@miibeian.gov.cn,Male,Som
512,Nap,Skillings,nskillingse7@w3.org,Male,Baht
513,Norbert,Leyson,nleysone8@dmoz.org,Male,Baht
514,Max,Ogles,moglese9@geocities.com,Female,Shekel
515,Natassia,Conyard,nconyardea@archive.org,Female,Euro
516,Blancha,Lipprose,blipproseeb@narod.ru,Female,Euro
517,Zed,Wykes,zwykesec@va.gov,Male,Rupiah
518,Laurens,Filipychev,lfilipycheved@over-blog.com,Male,Euro
519,Nathanil,Lowater,nlowateree@cnn.com,Genderfluid,Peso
520,Darryl,Boxill,dboxillef@wikia.com,Female,Euro
521,Lesly,Sutherland,lsutherlandeg@ted.com,Female,Rial
522,Olivero,Tofpik,otofpikeh@addtoany.com,Male,Euro
523,Keenan,Emmens,kemmensei@seesaa.net,Male,Euro
524,Sibylla,Spere,sspereej@apache.org,Genderfluid,Rupiah
525,Edwina,Housaman,ehousamanek@ezinearticles.com,Agender,Yuan Renminbi
526,Jerrine,Thamelt,jthameltel@geocities.jp,Female,Euro
527,Gill,Mannooch,gmannoochem@altervista.org,Male,Yuan Renminbi
528,Marjy,Strivens,mstrivensen@mapy.cz,Female,Euro
529,Ashlin,Hains,ahainseo@state.tx.us,Male,Yuan Renminbi
530,Joceline,Kitcherside,jkitchersideep@ox.ac.uk,Female,Shilling
531,Mil,Quinevan,mquinevaneq@seesaa.net,Female,Birr
532,Errick,Doxey,edoxeyer@uiuc.edu,Male,Yuan Renminbi
533,Will,Cornall,wcornalles@desdev.cn,Non-binary,Boliviano
534,Raddy,Vasyutin,rvasyutinet@ovh.net,Male,Quetzal
535,Patty,Frostdicke,pfrostdickeeu@tuttocitta.it,Male,Denar
536,Sabra,Pechard,spechardev@360.cn,Female,Yuan Renminbi
537,Sigvard,Keyhoe,skeyhoeew@google.co.uk,Male,Euro
538,Joanna,Salvatore,jsalvatoreex@issuu.com,Female,Yen
539,Marcos,Torra,mtorraey@goo.ne.jp,Male,Dinar
540,Brandea,Meltetal,bmeltetalez@indiatimes.com,Female,Yuan Renminbi
541,Patty,Crayke,pcraykef0@issuu.com,Male,Yuan Renminbi
542,Codie,Humburton,chumburtonf1@chronoengine.com,Male,Rupiah
543,Barbra,Murdy,bmurdyf2@toplist.cz,Female,Yuan Renminbi
544,Maurine,Hadlee,mhadleef3@epa.gov,Female,Yuan Renminbi
545,Karissa,Such,ksuchf4@over-blog.com,Female,Dirham
546,Belinda,Dowsey,bdowseyf5@privacy.gov.au,Female,Franc
547,Thaddeus,Cohane,tcohanef6@flavors.me,Male,Yuan Renminbi
548,Jory,Owain,jowainf7@wp.com,Male,Yuan Renminbi
549,Leonora,Duckitt,lduckittf8@hexun.com,Female,Yuan Renminbi
550,Palm,Gurry,pgurryf9@blogger.com,Male,Yuan Renminbi
551,Regan,Posthill,rposthillfa@bigcartel.com,Male,Cordoba
552,Grantley,Gilsthorpe,ggilsthorpefb@hatena.ne.jp,Male,Yuan Renminbi
553,Tucky,Archell,tarchellfc@gnu.org,Male,Real
554,Zared,Obbard,zobbardfd@buzzfeed.com,Male,Yuan Renminbi
555,Kippar,Gristhwaite,kgristhwaitefe@nytimes.com,Male,Real
556,Waite,Gaskal,wgaskalff@ifeng.com,Male,Rupiah
557,Jobina,Veck,jveckfg@soundcloud.com,Female,Euro
558,Jerry,Cazereau,jcazereaufh@europa.eu,Male,Dollar
559,Richmond,Saylor,rsaylorfi@g.co,Male,Yuan Renminbi
560,Cob,Growcott,cgrowcottfj@nbcnews.com,Male,Peso
561,Esme,Curtoys,ecurtoysfk@sun.com,Bigender,Euro
562,Lois,Pendock,lpendockfl@bloglovin.com,Female,Rupiah
563,Ginni,Molineaux,gmolineauxfm@techcrunch.com,Female,Yuan Renminbi
564,Mattheus,Benedtti,mbenedttifn@altervista.org,Male,Euro
565,Mikel,Nend,mnendfo@disqus.com,Genderqueer,Krona
566,Ethan,Comizzoli,ecomizzolifp@dyndns.org,Male,Krona
567,Talbot,Vanner,tvannerfq@creativecommons.org,Male,Marka
568,Kalindi,Tichelaar,ktichelaarfr@printfriendly.com,Female,Real
569,Ferdinanda,Godmar,fgodmarfs@bbc.co.uk,Female,Dong
570,Fred,Boggers,fboggersft@toplist.cz,Female,Dollar
571,Annmarie,MacCague,amaccaguefu@ed.gov,Female,Yuan Renminbi
572,Lorianne,Fehners,lfehnersfv@wp.com,Female,Peso
573,Teador,Croyser,tcroyserfw@epa.gov,Male,Yuan Renminbi
574,Reiko,Diehn,rdiehnfx@360.cn,Female,Zloty
575,Britta,Davidovic,bdavidovicfy@dyndns.org,Female,Shekel
576,Nata,Murley,nmurleyfz@jugem.jp,Female,Rial
577,Jacqueline,Conlaund,jconlaundg0@booking.com,Agender,Euro
578,Marcella,Willerton,mwillertong1@reference.com,Female,Peso
579,Maria,Meardon,mmeardong2@twitter.com,Female,Koruna
580,Alexandre,Albrook,aalbrookg3@cisco.com,Genderfluid,Peso
581,Andeee,Moral,amoralg4@youku.com,Female,Yuan Renminbi
582,Kerby,Venner,kvennerg5@pen.io,Male,Euro
583,Kerrin,Peabody,kpeabodyg6@gizmodo.com,Female,Rupiah
584,Park,Brickett,pbrickettg7@yellowbook.com,Genderfluid,Krone
585,Briano,Sheaf,bsheafg8@jalbum.net,Male,Yuan Renminbi
586,Kaycee,Cloney,kcloneyg9@japanpost.jp,Female,Yuan Renminbi
587,Cassi,Cockerton,ccockertonga@twitter.com,Female,Euro
588,Billy,Sextone,bsextonegb@lulu.com,Male,Rupiah
589,Bryn,Kovelmann,bkovelmanngc@booking.com,Male,Dollar
590,Darlleen,Matuszyk,dmatuszykgd@multiply.com,Female,Krona
591,Nefen,McLice,nmclicege@trellian.com,Male,Bolivar
592,Reynard,Grigorian,rgrigoriangf@geocities.jp,Male,Rupiah
593,Fabien,Hattoe,fhattoegg@blogs.com,Male,Yuan Renminbi
594,Barton,Iacovino,biacovinogh@smugmug.com,Male,Pound
595,Paulina,Tyson,ptysongi@virginia.edu,Female,Peso
596,Nananne,Wines,nwinesgj@uiuc.edu,Female,Pound
597,Vassily,Lamputt,vlamputtgk@over-blog.com,Male,Hryvnia
598,Jacinta,Corrigan,jcorrigangl@reuters.com,Female,Rand
599,Rhona,McGriffin,rmcgriffingm@vimeo.com,Female,Rupiah
600,Ferguson,Frantz,ffrantzgn@wordpress.org,Male,Lev
601,Jorgan,Woodberry,jwoodberrygo@domainmarket.com,Male,Yuan Renminbi
602,Niko,Chrishop,nchrishopgp@bizjournals.com,Male,Peso
603,Vikki,Arnely,varnelygq@chron.com,Female,Peso
604,Arnaldo,Merman,amermangr@loc.gov,Male,Ruble
605,Rosie,Drance,rdrancegs@a8.net,Female,Kuna
606,Vita,Balbeck,vbalbeckgt@phpbb.com,Female,Euro
607,Rodi,Stannah,rstannahgu@yellowbook.com,Female,Kuna
608,Jerrome,Walkden,jwalkdengv@godaddy.com,Male,Shilling
609,Boot,Elmore,belmoregw@livejournal.com,Male,Rupiah
610,Kinny,Longea,klongeagx@exblog.jp,Male,Cordoba
611,Somerset,Gouda,sgoudagy@shop-pro.jp,Male,Franc
612,Larine,Corneille,lcorneillegz@dyndns.org,Female,Shilling
613,Hersch,Farnhill,hfarnhillh0@geocities.com,Male,Yuan Renminbi
614,Wendi,Domenichini,wdomenichinih1@nifty.com,Female,Hryvnia
615,Calida,Huxter,chuxterh2@about.me,Female,Bolivar
616,Del,Breydin,dbreydinh3@vimeo.com,Female,Rupiah
617,Robinetta,Halsey,rhalseyh4@blogspot.com,Female,Peso
618,Sawyer,Elcox,selcoxh5@etsy.com,Male,Ruble
619,Izaak,Sheekey,isheekeyh6@huffingtonpost.com,Male,Franc
620,Leoline,Libreros,llibrerosh7@upenn.edu,Female,Rupiah
621,Barty,Elwin,belwinh8@intel.com,Male,Yuan Renminbi
622,Duff,Lammerich,dlammerichh9@behance.net,Male,Dollar
623,Hasheem,Rushe,hrusheha@imageshack.us,Male,Krona
624,Morly,Higford,mhigfordhb@nyu.edu,Male,Dollar
625,Karlotte,MacHoste,kmachostehc@sun.com,Female,Peso
626,Jonathan,Atrill,jatrillhd@zimbio.com,Male,Peso
627,Teirtza,Avrashin,tavrashinhe@abc.net.au,Female,Euro
628,Ardra,Jefferys,ajefferyshf@hibu.com,Female,Dollar
629,Andreas,Ridout,aridouthg@yahoo.com,Male,Zloty
630,Scarlet,Klass,sklasshh@oaic.gov.au,Female,Peso
631,Bianka,Branchflower,bbranchflowerhi@sitemeter.com,Female,Peso
632,Sholom,Cocker,scockerhj@github.io,Male,Yuan Renminbi
633,Trevar,Hehnke,thehnkehk@ebay.co.uk,Male,Rupiah
634,Bartolemo,Scamerdine,bscamerdinehl@opensource.org,Male,Yuan Renminbi
635,Bradney,Bamforth,bbamforthhm@deliciousdays.com,Male,Yuan Renminbi
636,Orrin,Ades,oadeshn@studiopress.com,Male,Euro
637,Jae,Saggers,jsaggersho@t-online.de,Male,Yen
638,Clarita,Paeckmeyer,cpaeckmeyerhp@nbcnews.com,Female,Yuan Renminbi
639,Kingsley,Plevin,kplevinhq@plala.or.jp,Male,Rupiah
640,Clemmy,Robers,crobershr@archive.org,Bigender,Afghani
641,Jobina,Calf,jcalfhs@technorati.com,Female,Euro
642,Patric,Munsey,pmunseyht@opera.com,Male,Yen
643,Noreen,Siverns,nsivernshu@abc.net.au,Female,Franc
644,Carleton,MacAskill,cmacaskillhv@time.com,Male,Ruble
645,Katerine,Josipovic,kjosipovichw@marketwatch.com,Non-binary,Ruble
646,Shalom,Worral,sworralhx@twitter.com,Male,Yuan Renminbi
647,Hadlee,Abramowitch,habramowitchhy@forbes.com,Male,Marka
648,Madeline,Leason,mleasonhz@gizmodo.com,Female,Yuan Renminbi
649,Charley,Serrels,cserrelsi0@flavors.me,Male,Yuan Renminbi
650,Allianora,Vernau,avernaui1@noaa.gov,Female,Peso
651,Keir,Roycroft,kroycrofti2@discuz.net,Male,Peso
652,Buffy,Fairley,bfairleyi3@vkontakte.ru,Female,Ruble
653,Shari,Siley,ssileyi4@archive.org,Female,Zloty
654,Pavel,Conyers,pconyersi5@reuters.com,Male,Rupiah
655,Norrie,Fife,nfifei6@comsenz.com,Female,Rand
656,Thurston,Lachaize,tlachaizei7@princeton.edu,Male,Rupiah
657,Gabriello,Surridge,gsurridgei8@icq.com,Male,Kyat
658,Morten,Keuning,mkeuningi9@youtu.be,Male,Zloty
659,Graig,Jakoviljevic,gjakoviljevicia@wikia.com,Male,Dollar
660,Dicky,Critchlow,dcritchlowib@histats.com,Male,Euro
661,Jennica,Wolver,jwolveric@flavors.me,Bigender,Yuan Renminbi
662,Oneida,Cotgrove,ocotgroveid@sun.com,Female,Krona
663,Dacey,Leahair,dleahairie@canalblog.com,Female,Peso
664,Johanna,Youdell,jyoudellif@nationalgeographic.com,Female,Baht
665,Johannes,Bullas,jbullasig@nbcnews.com,Male,Euro
666,Viv,Farlham,vfarlhamih@godaddy.com,Female,Yuan Renminbi
667,Inglebert,Zannelli,izannelliii@skype.com,Male,Rial
668,Lorenzo,Taplow,ltaplowij@thetimes.co.uk,Male,Yuan Renminbi
669,Garey,Jelley,gjelleyik@reference.com,Male,Euro
670,Carmen,Horche,chorcheil@un.org,Female,Yuan Renminbi
671,Arda,Sheivels,asheivelsim@kickstarter.com,Female,Krona
672,Stephi,Havers,shaversin@pen.io,Female,Rupiah
673,Pauly,Ellison,pellisonio@un.org,Female,Rupiah
674,Robert,Caitlin,rcaitlinip@cafepress.com,Male,Peso
675,Walden,Sparkwell,wsparkwelliq@taobao.com,Male,Yuan Renminbi
676,Fanechka,Fillgate,ffillgateir@weather.com,Female,Rupiah
677,Gaye,Checo,gchecois@clickbank.net,Female,Yuan Renminbi
678,Tye,Duxbarry,tduxbarryit@unblog.fr,Male,Ruble
679,Mora,Just,mjustiu@wsj.com,Female,Rial
680,Danette,Rewan,drewaniv@nydailynews.com,Female,Yuan Renminbi
681,Arvy,Ragot,aragotiw@foxnews.com,Male,Dram
682,Merle,Roaf,mroafix@seesaa.net,Female,Peso
683,Vina,Gwyn,vgwyniy@disqus.com,Female,Peso
684,Herta,Maulden,hmauldeniz@barnesandnoble.com,Female,Marka
685,John,Piniur,jpiniurj0@rakuten.co.jp,Male,Lek
686,Helenelizabeth,Adnam,hadnamj1@wunderground.com,Agender,Yuan Renminbi
687,Sophie,Cawsby,scawsbyj2@chron.com,Female,Rupiah
688,Kelbee,Wiggans,kwiggansj3@ft.com,Male,Lempira
689,Baxy,Balston,bbalstonj4@taobao.com,Male,Euro
690,Haskel,Grioli,hgriolij5@friendfeed.com,Male,Pound
691,Valeda,Copas,vcopasj6@chron.com,Female,Yuan Renminbi
692,Ted,Gimbart,tgimbartj7@xrea.com,Genderfluid,Euro
693,Alaric,Ashwood,aashwoodj8@dot.gov,Male,Real
694,Claribel,Cratchley,ccratchleyj9@google.co.uk,Female,Yuan Renminbi
695,Annice,Tomczykiewicz,atomczykiewiczja@cbslocal.com,Polygender,Dollar
696,Tobie,Ioannidis,tioannidisjb@imageshack.us,Male,Rupiah
697,Carver,Smithyman,csmithymanjc@marriott.com,Polygender,Dalasi
698,Lynnette,Abby,labbyjd@unc.edu,Female,Euro
699,Pietro,Barnfather,pbarnfatherje@usatoday.com,Male,Euro
700,Hunfredo,Baudins,hbaudinsjf@odnoklassniki.ru,Male,Lempira
701,Martin,Buten,mbutenjg@sciencedirect.com,Male,Baht
702,Delores,Warman,dwarmanjh@google.co.uk,Genderfluid,Ruble
703,Chas,Tant,ctantji@walmart.com,Male,Kuna
704,Perren,Caraher,pcaraherjj@ehow.com,Agender,Shilling
705,Hermine,Pyle,hpylejk@tmall.com,Female,Real
706,Roby,Kelley,rkelleyjl@paginegialle.it,Female,Euro
707,Paule,Scoffins,pscoffinsjm@mac.com,Female,Rupiah
708,Rowland,Pohl,rpohljn@adobe.com,Male,Afghani
709,Clarine,La Croce,clacrocejo@webnode.com,Female,Euro
710,Bird,Wilmot,bwilmotjp@cdbaby.com,Female,Euro
711,Francklyn,MacDermand,fmacdermandjq@irs.gov,Male,Yuan Renminbi
712,Claudio,Kidston,ckidstonjr@fotki.com,Male,Rial
713,Steffie,Croson,scrosonjs@zdnet.com,Female,Bolivar
714,Nathanael,Camerana,ncameranajt@washingtonpost.com,Male,Euro
715,Jabez,Stanfield,jstanfieldju@mail.ru,Male,Yuan Renminbi
716,Antonia,Dymock,adymockjv@com.com,Female,Naira
717,Pietrek,Lorence,plorencejw@archive.org,Male,Rupiah
718,Flory,Kilgour,fkilgourjx@e-recht24.de,Female,Rupiah
719,Eric,Hyett,ehyettjy@live.com,Male,Tenge
720,Torey,Coltherd,tcoltherdjz@wordpress.org,Female,Real
721,Maurita,Atrill,matrillk0@usatoday.com,Female,Hryvnia
722,Klarika,McCoveney,kmccoveneyk1@baidu.com,Female,Bolivar
723,Jamil,Boot,jbootk2@answers.com,Male,Kuna
724,Gerda,Burkhill,gburkhillk3@acquirethisname.com,Female,Zloty
725,Alena,Borrott,aborrottk4@jiathis.com,Polygender,Euro
726,Zara,Leverette,zleverettek5@java.com,Female,Peso
727,Erhard,Hasson,ehassonk6@oakley.com,Male,Peso
728,Revkah,Jacobi,rjacobik7@ox.ac.uk,Female,Rupiah
729,Wylma,Schimann,wschimannk8@sogou.com,Female,Yuan Renminbi
730,Quinton,Duthie,qduthiek9@trellian.com,Male,Peso
731,Bone,White,bwhiteka@tinyurl.com,Genderfluid,Dollar
732,Louisette,Burth,lburthkb@aboutads.info,Female,Ruble
733,Chic,Andrzej,candrzejkc@thetimes.co.uk,Male,Hryvnia
734,Heath,Philliskirk,hphilliskirkkd@surveymonkey.com,Female,Koruna
735,Chance,Trinkwon,ctrinkwonke@trellian.com,Male,Rupiah
736,Nat,Glasard,nglasardkf@joomla.org,Male,Yuan Renminbi
737,Randy,Grigolon,rgrigolonkg@nature.com,Genderfluid,Euro
738,Kennie,Hanson,khansonkh@slashdot.org,Male,Peso
739,Francesca,Schaumann,fschaumannki@soup.io,Female,Yuan Renminbi
740,Scott,Ravenhill,sravenhillkj@mail.ru,Male,Franc
741,Isacco,Schreurs,ischreurskk@nsw.gov.au,Male,Dirham
742,Bathsheba,Element,belementkl@pbs.org,Female,Yuan Renminbi
743,Andy,Royce,aroycekm@wufoo.com,Female,Hryvnia
744,Melanie,Chmarny,mchmarnykn@wikipedia.org,Female,Rupee
745,Karilynn,Indgs,kindgsko@usa.gov,Female,Real
746,Colman,Ianni,ciannikp@hugedomains.com,Male,Yuan Renminbi
747,Karyn,Snipe,ksnipekq@berkeley.edu,Female,Rupiah
748,Arron,Sackett,asackettkr@360.cn,Male,Euro
749,Barbaraanne,Stukings,bstukingsks@fema.gov,Female,Yuan Renminbi
750,Shaun,Easen,seasenkt@theatlantic.com,Male,Yuan Renminbi
751,Cyrus,Overy,coveryku@prnewswire.com,Male,Euro
752,Malva,Balthasar,mbalthasarkv@blogtalkradio.com,Female,Euro
753,Lindie,Larkkem,llarkkemkw@auda.org.au,Female,Euro
754,Durante,Schimoni,dschimonikx@forbes.com,Male,Euro
755,Gerty,Boat,gboatky@umich.edu,Female,Yuan Renminbi
756,Kally,Stolle,kstollekz@paginegialle.it,Female,Naira
757,Rip,Weadick,rweadickl0@de.vu,Male,Zloty
758,Grenville,Pownall,gpownalll1@wisc.edu,Male,Ruble
759,Sofia,Torrance,storrancel2@baidu.com,Female,Real
760,Aland,Schooley,aschooleyl3@sohu.com,Male,Rupiah
761,Early,Skippings,eskippingsl4@scribd.com,Male,Peso
762,Kim,Barthram,kbarthraml5@liveinternet.ru,Male,Tugrik
763,Daniela,Trevett,dtrevettl6@elpais.com,Female,Dong
764,Uri,Fakeley,ufakeleyl7@sciencedirect.com,Male,Real
765,Lilia,Bank,lbankl8@360.cn,Female,Pound
766,Lisha,Matczak,lmatczakl9@merriam-webster.com,Female,Yuan Renminbi
767,Antone,Matzen,amatzenla@multiply.com,Male,Escudo
768,Stephan,Scholard,sscholardlb@hostgator.com,Male,Dram
769,Borden,Olfert,bolfertlc@flickr.com,Male,Rupiah
770,Caron,Norquay,cnorquayld@miibeian.gov.cn,Female,Dinar
771,Emmery,Courvert,ecourvertle@creativecommons.org,Male,Zloty
772,Wilt,Chazelle,wchazellelf@utexas.edu,Male,Euro
773,Kara-lynn,Blowers,kblowerslg@redcross.org,Female,Dirham
774,Antonia,Jeanon,ajeanonlh@comsenz.com,Bigender,Dram
775,Mabelle,Caillou,mcaillouli@rambler.ru,Female,Euro
776,Read,Alflat,ralflatlj@t-online.de,Bigender,Naira
777,Arlena,Wadworth,awadworthlk@earthlink.net,Female,Hryvnia
778,Ciro,Corroyer,ccorroyerll@tiny.cc,Male,Rupee
779,Gabriel,Gianolini,ggianolinilm@taobao.com,Female,Dinar
780,Tamqrah,Bollands,tbollandsln@addthis.com,Female,Real
781,Niles,Meneo,nmeneolo@tripadvisor.com,Male,Yuan Renminbi
782,Roseline,Ettridge,rettridgelp@yellowpages.com,Female,Hryvnia
783,Filippo,Brigginshaw,fbrigginshawlq@sciencedirect.com,Male,Euro
784,Monty,Grunder,mgrunderlr@sourceforge.net,Male,Euro
785,Elisabetta,McCathay,emccathayls@usda.gov,Agender,Peso
786,Sawyere,Avon,savonlt@salon.com,Male,Peso
787,Nicol,Fawley,nfawleylu@wordpress.com,Female,Zloty
788,Neil,Arrandale,narrandalelv@dagondesign.com,Male,Rupiah
789,Velvet,Upwood,vupwoodlw@engadget.com,Female,Real
790,Vinny,Aberdeen,vaberdeenlx@pinterest.com,Female,Rupiah
791,Brooke,Scupham,bscuphamly@google.com.br,Male,Ruble
792,Preston,Hadwen,phadwenlz@godaddy.com,Male,Ruble
793,Alwin,Kerwood,akerwoodm0@usnews.com,Bigender,Rupiah
794,Elroy,Gettens,egettensm1@cocolog-nifty.com,Male,Ruble
795,Jon,Gleed,jgleedm2@posterous.com,Male,Dinar
796,Lishe,Turbat,lturbatm3@360.cn,Female,Euro
797,Tammy,Eskriet,teskrietm4@infoseek.co.jp,Male,Yuan Renminbi
798,Cheslie,Greenshiels,cgreenshielsm5@toplist.cz,Female,Franc
799,Tana,Borman,tbormanm6@tmall.com,Female,Lev
800,Hubey,Abrahamsson,habrahamssonm7@ow.ly,Male,Bolivar
801,Maribel,Carbine,mcarbinem8@springer.com,Female,Naira
802,Kippie,Backwell,kbackwellm9@geocities.com,Male,Ruble
803,Courtnay,Goodenough,cgoodenoughma@nbcnews.com,Female,Yuan Renminbi
804,Catie,Puxley,cpuxleymb@dion.ne.jp,Female,Ruble
805,Tiebout,Bartolic,tbartolicmc@woothemes.com,Male,Shilling
806,Timothee,Fladgate,tfladgatemd@google.ru,Male,Krona
807,Lucille,Aucock,laucockme@ow.ly,Female,Cedi
808,Jae,Groombridge,jgroombridgemf@zdnet.com,Male,Yuan Renminbi
809,Jane,Priditt,jpridittmg@deviantart.com,Agender,Euro
810,Starr,Swalowe,sswalowemh@hhs.gov,Female,Ruble
811,Nicolas,Cockshutt,ncockshuttmi@hatena.ne.jp,Male,Peso
812,Stafani,Triebner,striebnermj@java.com,Female,Peso
813,Basil,Eborall,beborallmk@google.nl,Male,Yuan Renminbi
814,Jacquelyn,Bullard,jbullardml@homestead.com,Female,Yuan Renminbi
815,Shalom,Reina,sreinamm@utexas.edu,Polygender,Yuan Renminbi
816,Eldredge,Maymand,emaymandmn@ihg.com,Male,Krona
817,Harper,Dedmam,hdedmammo@i2i.jp,Male,Kuna
818,Godart,Gypps,ggyppsmp@twitpic.com,Male,Dollar
819,Cheri,Westmarland,cwestmarlandmq@mlb.com,Genderqueer,Euro
820,Rafa,Baccas,rbaccasmr@ebay.com,Female,Euro
821,Winthrop,Thow,wthowms@hc360.com,Male,Euro
822,Monique,Broomfield,mbroomfieldmt@wikia.com,Female,Rupiah
823,Ricardo,Hunnywell,rhunnywellmu@mysql.com,Male,Krona
824,Abel,Jest,ajestmv@tiny.cc,Male,Yuan Renminbi
825,Alvis,Arr,aarrmw@livejournal.com,Male,Baht
826,Caryn,Pigrome,cpigromemx@cbc.ca,Female,Ruble
827,Garrard,Boyes,gboyesmy@discuz.net,Non-binary,Real
828,Bobette,Scully,bscullymz@dot.gov,Female,Rupiah
829,Rosa,Freund,rfreundn0@nih.gov,Female,Peso
830,Ferrel,Coombes,fcoombesn1@techcrunch.com,Male,Peso
831,Parnell,Venables,pvenablesn2@independent.co.uk,Male,Euro
832,Orren,Sumpner,osumpnern3@fc2.com,Male,Dram
833,Lydon,Buckett,lbuckettn4@youtube.com,Male,Yen
834,Sela,Dockreay,sdockreayn5@dmoz.org,Female,Franc
835,Demetris,Malam,dmalamn6@youku.com,Male,Real
836,Nannie,McNabb,nmcnabbn7@com.com,Female,Zloty
837,Murry,Pechan,mpechann8@kickstarter.com,Male,Peso
838,Maximilien,Twinborne,mtwinbornen9@reuters.com,Male,Won
839,Daloris,Kunkler,dkunklerna@bbb.org,Female,Yuan Renminbi
840,Amii,McHale,amchalenb@studiopress.com,Female,Real
841,Elfrieda,Dunne,edunnenc@wisc.edu,Female,Sol
842,Sonny,Crooks,scrooksnd@jiathis.com,Female,Marka
843,Mal,Newell,mnewellne@behance.net,Male,Yuan Renminbi
844,Miltie,Marie,mmarienf@ox.ac.uk,Male,Rupiah
845,Killy,Cushion,kcushionng@fc2.com,Male,Peso
846,Geoffrey,Sydes,gsydesnh@1688.com,Bigender,Euro
847,Donnamarie,Callaway,dcallawayni@ucsd.edu,Female,Ouguiya
848,Gawain,Jansema,gjansemanj@nature.com,Male,Yuan Renminbi
849,Barny,McIlory,bmcilorynk@topsy.com,Male,Peso
850,Chrotoem,Denver,cdenvernl@wordpress.org,Male,Yuan Renminbi
851,Manda,Hugonnet,mhugonnetnm@house.gov,Female,Ruble
852,Adda,Whorlow,awhorlownn@sitemeter.com,Female,Rupiah
853,Victor,Heaford,vheafordno@senate.gov,Male,Peso
854,Rosabella,Fairham,rfairhamnp@mysql.com,Female,Yuan Renminbi
855,Levon,Ingon,lingonnq@yale.edu,Male,Yuan Renminbi
856,Liv,Weth,lwethnr@newyorker.com,Female,Rupiah
857,Blinny,Linneman,blinnemanns@yolasite.com,Female,Ruble
858,Tulley,Figgen,tfiggennt@biglobe.ne.jp,Male,Peso
859,Maynard,Gange,mgangenu@bing.com,Male,Ruble
860,Clerc,Faireclough,cfairecloughnv@marriott.com,Male,Yuan Renminbi
861,Nickie,Parlet,nparletnw@jalbum.net,Female,Yen
862,Danielle,Prescott,dprescottnx@shareasale.com,Female,Rupiah
863,Carr,Greatex,cgreatexny@parallels.com,Male,Rupee
864,Myles,Maestro,mmaestronz@dot.gov,Male,Yuan Renminbi
865,Rex,Temlett,rtemletto0@cdc.gov,Male,Yuan Renminbi
866,Sherline,Chene,scheneo1@slideshare.net,Female,Yuan Renminbi
867,Heath,Bubbings,hbubbingso2@dmoz.org,Female,Lek
868,Omar,Pray,oprayo3@utexas.edu,Male,Euro
869,Ly,Clohissy,lclohissyo4@surveymonkey.com,Male,Yuan Renminbi
870,Erena,Mowles,emowleso5@unicef.org,Polygender,Rupiah
871,Dagmar,Rochester,drochestero6@icio.us,Female,Euro
872,Jedd,Pettit,jpettito7@adobe.com,Male,Yuan Renminbi
873,Johnathon,Janacek,jjanaceko8@vistaprint.com,Male,Dollar
874,Eileen,Gellert,egellerto9@umich.edu,Female,Krona
875,Gabi,Chstney,gchstneyoa@rakuten.co.jp,Male,Euro
876,Simonette,Easom,seasomob@cnbc.com,Female,Real
877,Willi,Kenneway,wkennewayoc@pagesperso-orange.fr,Male,Yuan Renminbi
878,Isidro,Coomber,icoomberod@topsy.com,Male,Koruna
879,Nadia,Lackinton,nlackintonoe@sitemeter.com,Female,Yuan Renminbi
880,Dieter,Pagin,dpaginof@spotify.com,Male,Yuan Renminbi
881,Tonya,Duchesne,tduchesneog@google.co.jp,Female,Gourde
882,Lazaro,Jeffreys,ljeffreysoh@scientificamerican.com,Male,Franc
883,Odelia,Bentjens,obentjensoi@pbs.org,Female,Dinar
884,Towney,Galego,tgalegooj@vinaora.com,Male,Euro
885,Laurie,Jendrusch,ljendruschok@indiegogo.com,Agender,Peso
886,Randal,Mapes,rmapesol@gmpg.org,Male,Real
887,Miles,Duchenne,mduchenneom@blogtalkradio.com,Male,Peso
888,Hewitt,Farry,hfarryon@t-online.de,Male,Euro
889,Corrine,Scading,cscadingoo@blogs.com,Female,Yuan Renminbi
890,Antonia,Pariso,aparisoop@people.com.cn,Female,Peso
891,Brew,Connerry,bconnerryoq@bravesites.com,Male,Zloty
892,Beatrix,Mapplebeck,bmapplebeckor@whitehouse.gov,Female,Tenge
893,Arturo,Ellison,aellisonos@hao123.com,Male,Afghani
894,Ransell,China,rchinaot@tinypic.com,Male,Euro
895,Etta,Habbin,ehabbinou@ehow.com,Female,Yuan Renminbi
896,Ephrem,Udell,eudellov@google.com.au,Male,Yuan Renminbi
897,Leo,Brewer,lbrewerow@arstechnica.com,Male,Ruble
898,Boyd,De La Haye,bdelahayeox@github.com,Male,Rupiah
899,Caron,O'Lennane,colennaneoy@ustream.tv,Female,Rupiah
900,Tracy,Sendall,tsendalloz@berkeley.edu,Female,Real
901,Sonnie,Darracott,sdarracottp0@utexas.edu,Female,Euro
902,Dorothee,Juliff,djuliffp1@indiegogo.com,Female,Koruna
903,Xena,Ockleshaw,xockleshawp2@phpbb.com,Female,Ringgit
904,Reeba,Haydney,rhaydneyp3@sun.com,Female,Yuan Renminbi
905,Harper,Kitcherside,hkitchersidep4@blogtalkradio.com,Male,Baht
906,Gibbie,Ayling,gaylingp5@networksolutions.com,Male,Peso
907,Nannie,Meran,nmeranp6@liveinternet.ru,Female,Euro
908,Alair,Ridd,ariddp7@gravatar.com,Male,Euro
909,Charla,Bachura,cbachurap8@csmonitor.com,Female,Euro
910,Gwenora,Bielfelt,gbielfeltp9@google.co.uk,Female,Yuan Renminbi
911,Benjie,Isaac,bisaacpa@sakura.ne.jp,Male,Rupiah
912,Tasia,Bardill,tbardillpb@newyorker.com,Female,Escudo
913,Edlin,Neale,enealepc@webs.com,Male,Peso
914,Raynard,Weale,rwealepd@surveymonkey.com,Male,Yuan Renminbi
915,Hilary,Seyler,hseylerpe@privacy.gov.au,Female,Yuan Renminbi
916,Hadrian,Laxe,hlaxepf@slashdot.org,Male,Yuan Renminbi
917,Merlina,Rothschild,mrothschildpg@army.mil,Agender,Peso
918,Laureen,Ambrosi,lambrosiph@forbes.com,Female,Real
919,Aigneis,Vel,avelpi@cyberchimps.com,Female,Ruble
920,Cathy,Dulake,cdulakepj@delicious.com,Female,Ruble
921,Jena,Speere,jspeerepk@spiegel.de,Female,Peso
922,Jodi,Velte,jveltepl@t-online.de,Female,Rupiah
923,Forester,Snufflebottom,fsnufflebottompm@github.com,Male,Koruna
924,Celisse,Colloby,ccollobypn@e-recht24.de,Female,Euro
925,Kasey,Inger,kingerpo@npr.org,Female,Kip
926,Arvie,Domerq,adomerqpp@gmpg.org,Male,Kyat
927,Audre,Saltsberger,asaltsbergerpq@trellian.com,Genderqueer,Sol
928,Nichols,Karpmann,nkarpmannpr@google.cn,Male,Yuan Renminbi
929,Chaim,Barchrameev,cbarchrameevps@unc.edu,Agender,Euro
930,Shela,Govier,sgovierpt@trellian.com,Female,Peso
931,Thorn,Lodder,tlodderpu@vistaprint.com,Male,Dollar
932,Peadar,Valens-Smith,pvalenssmithpv@wsj.com,Male,Euro
933,Gale,Cullinan,gcullinanpw@fda.gov,Female,Peso
934,Devlin,Humberstone,dhumberstonepx@cpanel.net,Male,Dollar
935,Jarrod,Fayerman,jfayermanpy@buzzfeed.com,Male,Ringgit
936,Gina,Zelley,gzelleypz@odnoklassniki.ru,Female,Yuan Renminbi
937,Brendis,Wontner,bwontnerq0@nba.com,Male,Peso
938,Brod,Tock,btockq1@tuttocitta.it,Male,Yuan Renminbi
939,Sibbie,Georgievski,sgeorgievskiq2@sphinn.com,Female,Manat
940,Kaleena,Parnaby,kparnabyq3@fema.gov,Female,Franc
941,Imelda,Mackerness,imackernessq4@hibu.com,Female,Peso
942,Mariska,Thomton,mthomtonq5@toplist.cz,Female,Yuan Renminbi
943,Had,Iveson,hivesonq6@alexa.com,Male,Euro
944,Kinny,Mumbray,kmumbrayq7@histats.com,Male,Peso
945,Lucille,Somerton,lsomertonq8@bandcamp.com,Female,Yuan Renminbi
946,Sasha,Cotmore,scotmoreq9@google.de,Female,Peso
947,Chadd,Jagoe,cjagoeqa@ifeng.com,Male,Peso
948,Hercule,Cade,hcadeqb@abc.net.au,Male,Yuan Renminbi
949,Vlad,Bowness,vbownessqc@theguardian.com,Male,Peso
950,Umeko,Tinson,utinsonqd@google.de,Female,Rupiah
951,Julian,Litterick,jlitterickqe@example.com,Male,Ruble
952,Lars,Hastings,lhastingsqf@deliciousdays.com,Polygender,Zloty
953,Guthrey,Crockley,gcrockleyqg@biglobe.ne.jp,Male,Dirham
954,Biron,Berk,bberkqh@51.la,Male,Euro
955,Dane,Haddinton,dhaddintonqi@ow.ly,Male,Dollar
956,Cassius,Lusk,cluskqj@jimdo.com,Male,Birr
957,Laney,Heffer,lhefferqk@topsy.com,Male,Ruble
958,Randolph,Blazynski,rblazynskiql@nifty.com,Male,Dollar
959,Clair,Swire,cswireqm@over-blog.com,Male,Ruble
960,Agustin,McKenney,amckenneyqn@spiegel.de,Male,Yuan Renminbi
961,Maddie,Adamolli,madamolliqo@istockphoto.com,Male,Zloty
962,Peri,Eubank,peubankqp@about.me,Female,Franc
963,Elnore,Castagnet,ecastagnetqq@blogger.com,Agender,Euro
964,Arabelle,Paterson,apatersonqr@google.com.br,Female,Euro
965,Hester,Kellart,hkellartqs@princeton.edu,Female,Krona
966,Burke,Coppens,bcoppensqt@skyrock.com,Male,Yuan Renminbi
967,Modesta,McGeouch,mmcgeouchqu@sciencedaily.com,Female,Taka
968,Leese,Coatsworth,lcoatsworthqv@purevolume.com,Bigender,Yuan Renminbi
969,Ewan,Proffer,eprofferqw@miibeian.gov.cn,Male,Krona
970,Reggie,Brideoke,rbrideokeqx@un.org,Genderqueer,Peso
971,Vaughan,Robillart,vrobillartqy@sphinn.com,Male,Marka
972,Abagael,Dacke,adackeqz@myspace.com,Female,Sol
973,Spense,Iglesias,siglesiasr0@biblegateway.com,Male,Ruble
974,Chen,Hebditch,chebditchr1@t.co,Male,Rupiah
975,Ailbert,Mamwell,amamwellr2@uiuc.edu,Male,Dollar
976,Athene,Esh,aeshr3@sciencedirect.com,Female,Euro
977,Zuzana,Reinbach,zreinbachr4@tripadvisor.com,Genderfluid,Dollar
978,Tracie,Carrick,tcarrickr5@istockphoto.com,Non-binary,Yuan Renminbi
979,Loretta,Venners,lvennersr6@webmd.com,Female,Dram
980,Granny,Borles,gborlesr7@vinaora.com,Bigender,Zloty
981,Justen,Wooler,jwoolerr8@youku.com,Male,Euro
982,Corrie,Youtead,cyouteadr9@ed.gov,Genderqueer,Yuan Renminbi
983,Tracey,McBlain,tmcblainra@chicagotribune.com,Male,Yuan Renminbi
984,Godard,Grasha,ggrasharb@trellian.com,Male,Dirham
985,Haze,Egdell,hegdellrc@redcross.org,Male,Peso
986,Curran,Warrier,cwarrierrd@wisc.edu,Male,Yuan Renminbi
987,Andy,Alps,aalpsre@ft.com,Male,Yuan Renminbi
988,Colver,Hansod,chansodrf@kickstarter.com,Male,Ruble
989,Sheena,Vigietti,svigiettirg@goodreads.com,Female,Dinar
990,Crin,Twohig,ctwohigrh@nature.com,Female,Dalasi
991,Feliza,Filtness,ffiltnessri@japanpost.jp,Female,Ringgit
992,Dita,Grimwad,dgrimwadrj@narod.ru,Female,Pound
993,Erin,Walduck,ewalduckrk@pen.io,Male,Yuan Renminbi
994,Case,Lyon,clyonrl@amazon.com,Male,Litas
995,Fred,Griss,fgrissrm@godaddy.com,Female,Dollar
996,Thibaud,Edmett,tedmettrn@twitpic.com,Male,Koruna
997,Lauretta,Weddell,lweddellro@ucoz.ru,Female,Krona
998,Gradeigh,Rockwell,grockwellrp@lulu.com,Male,Sol
999,Preston,Vest,pvestrq@jalbum.net,Male,Rial
1000,Rebeca,McLarty,rmclartyrr@wikipedia.org,Female,Real
